StartDate,EndDate,Status,IPAddress,Progress,Duration (in seconds),Finished,RecordedDate,ResponseId,RecipientLastName,RecipientFirstName,RecipientEmail,ExternalReference,LocationLatitude,LocationLongitude,DistributionChannel,UserLanguage,ID,DOB_1,DOB_2,DOB_3,Gender,Q50,Q52,Race_1,Race_2,Race_3,Race_4,Race_5,Race_6,Q56,Q52,Q35,Q53,Q36,Q37,Q38,Q39,Q54,Q55,Q41,IC,Q40
Start Date,End Date,Response Type,IP Address,Progress,Duration (in seconds),Finished,Recorded Date,Response ID,Recipient Last Name,Recipient First Name,Recipient Email,External Data Reference,Location Latitude,Location Longitude,Distribution Channel,User Language,Please enter your child's participant ID. The research assistant can provide you with this.,Child's date of birth - Month,Child's date of birth - Day,Child's date of birth - Year,Child's gender,Please describe your child's gender,Please indicate your child's ethnicity,Please indicate your child's race - American Indian or Alaska Native,Please indicate your child's race - Asian,Please indicate your child's race - Black,Please indicate your child's race - Native Hawaiian or other Pacific Islander,Please indicate your child's race - White,Please indicate your child's race - Other,Please describe your child's race:,Please select the option that best describes your own religious affiliation,Please indicate religious affiliation:,"If your child has another parent or guardian, please select the option that best describes their religious affiliation",Please indicate religious affiliation:,How often does your child attend services at places of religious worship?,How important is it for you to raise your child in a religious tradition?,Does your child attend a school with a religious affiliation?,Please indicate the highest level of education you have completed:,"If your child has another parent or guardian, please indicate the highest level of education that they have completed.",How strongly do you promote the Santa Claus myth in your household?,"Do you have a smart speaker at home (i.e., a stand-alone device with an integrated voice assistant (VA)), such as Amazon Echo or Google Home?",How often do you and your children use voice assistants?
"{""ImportId"":""startDate"",""timeZone"":""America/Chicago""}","{""ImportId"":""endDate"",""timeZone"":""America/Chicago""}","{""ImportId"":""status""}","{""ImportId"":""ipAddress""}","{""ImportId"":""progress""}","{""ImportId"":""duration""}","{""ImportId"":""finished""}","{""ImportId"":""recordedDate"",""timeZone"":""America/Chicago""}","{""ImportId"":""_recordId""}","{""ImportId"":""recipientLastName""}","{""ImportId"":""recipientFirstName""}","{""ImportId"":""recipientEmail""}","{""ImportId"":""externalDataReference""}","{""ImportId"":""locationLatitude""}","{""ImportId"":""locationLongitude""}","{""ImportId"":""distributionChannel""}","{""ImportId"":""userLanguage""}","{""ImportId"":""QID47_TEXT""}","{""ImportId"":""QID49_1""}","{""ImportId"":""QID49_2""}","{""ImportId"":""QID49_3""}","{""ImportId"":""QID50""}","{""ImportId"":""QID51_TEXT""}","{""ImportId"":""QID53""}","{""ImportId"":""QID52"",""choiceId"":""1""}","{""ImportId"":""QID52"",""choiceId"":""2""}","{""ImportId"":""QID52"",""choiceId"":""3""}","{""ImportId"":""QID52"",""choiceId"":""4""}","{""ImportId"":""QID52"",""choiceId"":""5""}","{""ImportId"":""QID52"",""choiceId"":""6""}","{""ImportId"":""QID58_TEXT""}","{""ImportId"":""QID54""}","{""ImportId"":""QID59_TEXT""}","{""ImportId"":""QID55""}","{""ImportId"":""QID60_TEXT""}","{""ImportId"":""QID61""}","{""ImportId"":""QID62""}","{""ImportId"":""QID63""}","{""ImportId"":""QID56""}","{""ImportId"":""QID57""}","{""ImportId"":""QID65""}","{""ImportId"":""QID3""}","{""ImportId"":""QID64""}"
2023-01-30 11:29:26,2023-01-30 11:30:17,IP Address,70.113.66.49,81,50,False,2023-02-06 11:30:19,R_esNOF5f4Cyf2hgZ,,,,,,,qr,EN,,,,,,,,,,,,,,,,,,,,,,,,,,
2023-04-07 11:01:33,2023-04-07 11:03:58,IP Address,198.214.80.254,100,144,True,2023-04-07 11:03:59,R_115vpatZHBnYxN8,,,,,30.2887,-97.7398,qr,EN,1,February,5,2015,Male,,Hispanic or Latino/a,,,,,White,,,Other Christian,,Other Christian,,A few times a month,Very important,No,Associate's degree,Bachelor's degree,Not at all,No,Never
2023-04-07 14:05:56,2023-04-07 14:34:56,IP Address,128.62.41.58,100,1740,True,2023-04-07 14:34:57,R_1LOKHJCGfJvyAUM,,,,,30.2887,-97.7398,qr,EN,2,December,5,2012,Male,,Not Hispanic or Latino/a,,,,,White,,,Agnostic,,Agnostic,,Never,Minimally important,No,Bachelor's degree,Associate's degree,Not at all,No,Rarely
2023-04-10 11:18:55,2023-04-10 11:20:53,IP Address,166.198.250.127,100,118,True,2023-04-10 11:20:54,R_3hlltvHBfa234hX,,,,,30.2661,-97.7136,qr,EN,3,May,1,2017,Female,,Not Hispanic or Latino/a,,Asian,,,,,,None,,None,,A few times a week,Minimally important,Yes,Graduate or professional degree,Graduate or Professional degree,A lot,Yes,Sometimes
2023-04-14 10:59:18,2023-04-14 11:01:52,IP Address,198.214.80.17,100,154,True,2023-04-14 11:01:53,R_p6nqrhDvfDVKOxX,,,,,30.2887,-97.7398,qr,EN,4,June,15,2018,Male,,Not Hispanic or Latino/a,,,,,White,,,Atheist,,Agnostic,,Never,Not at all important,No,Bachelor's degree,Bachelor's degree,A little bit,Yes,Often
2023-04-10 11:18:30,2023-04-10 11:18:44,IP Address,128.62.44.4,48,13,False,2023-04-17 11:18:49,R_Dcxro9A6AmCIdFv,,,,,,,qr,EN,test,,,,,,,,,,,,,,,,,,,,,,,,,
2023-04-17 14:14:49,2023-04-17 14:15:16,IP Address,198.214.80.225,100,26,True,2023-04-17 14:15:17,R_2rZncTZOBfPWASd,,,,,30.2887,-97.7398,qr,EN,Test,,,,,,,,,,,,,,,,,,,,,,,,No,
2023-04-20 16:01:53,2023-04-20 16:05:04,IP Address,128.62.40.20,100,191,True,2023-04-20 16:05:04,R_3qrNYnDQTSPMK3l,,,,,30.2887,-97.7398,qr,EN,5,December,13,2016,Female,,Hispanic or Latino/a,,,,,White,,,Atheist,,Atheist,,Less than once a year,Not at all important,No,Bachelor's degree,Bachelor's degree,A lot,No,Sometimes
2023-04-21 15:54:33,2023-04-21 15:56:38,IP Address,128.62.191.56,100,124,True,2023-04-21 15:56:38,R_4HJg0x9dDqQIf5L,,,,,30.2887,-97.7398,qr,EN,6,July,7,2007,Female,,Not Hispanic or Latino/a,,,,,,Other,Asian and White,Buddhist,,Agnostic,,Never,Minimally important,No,Graduate or professional degree,Some college,A little bit,Yes,Often
2023-04-21 16:57:25,2023-04-21 16:58:52,IP Address,128.62.191.56,100,87,True,2023-04-21 16:58:53,R_BJRSqJkiAMQKGBj,,,,,30.2887,-97.7398,qr,EN,7,August,24,2016,Female,,Not Hispanic or Latino/a,,,,,White,,,Protestant,,Atheist,,A few times a month,Moderately important,No,Bachelor's degree,Some college,A lot,Yes,Often
2023-04-25 11:11:00,2023-04-25 11:12:09,IP Address,128.62.177.99,100,69,True,2023-04-25 11:12:10,R_1K0wtj34zPgawqp,,,,,30.2887,-97.7398,qr,EN,8,July,5,2017,Male,,Not Hispanic or Latino/a,,,,,White,,,None,,None,,Less than once a year,Not at all important,No,Graduate or professional degree,Bachelor's degree,Not at all,Yes,At least once a day
2023-04-27 15:41:53,2023-04-27 16:20:37,IP Address,128.62.46.208,100,2323,True,2023-04-27 16:20:38,R_1FJ1vi4g3ShUuDL,,,,,30.2887,-97.7398,qr,EN,9,March,21,2018,Female,,Not Hispanic or Latino/a,,,,,White,,,Protestant,,Agnostic,,A few times a month,Very important,No,Bachelor's degree,Associate's degree,A little bit,No,Never
2023-04-28 15:31:32,2023-04-28 15:32:40,IP Address,128.62.177.99,100,67,True,2023-04-28 15:32:40,R_AspbKF0ecd08FMt,,,,,30.2887,-97.7398,qr,EN,4/28/23,,,,,,,,,,,,,,,,,,,,,,,,Yes,
2023-04-28 15:41:44,2023-04-28 15:43:56,IP Address,128.62.177.99,100,131,True,2023-04-28 15:43:56,R_1QsiOVkuYosMeR2,,,,,30.2887,-97.7398,qr,EN,42823,February,13,2016,Male,,Hispanic or Latino/a,,,,,White,,,Other Christian,,,,A few times a week,Very important,No,High school diploma or equivalent,High school diploma or equivalent,Not at all,Yes,At least once a day
2023-04-29 13:07:13,2023-04-29 13:11:08,IP Address,172.59.232.236,100,235,True,2023-04-29 13:11:09,R_2Cw7MpcSjlBU84c,,,,,29.4553,-98.5677,qr,EN,11,October,27,2017,Female,,Not Hispanic or Latino/a,,,,,,Other,White and Asian,Other,Buddhist and Christian,Buddhist,,Never,Minimally important,No,Graduate or professional degree,Graduate or Professional degree,A lot,Yes,At least once a day
2023-05-01 12:30:57,2023-05-02 12:05:22,IP Address,128.62.177.99,100,84864,True,2023-05-02 12:05:22,R_2alU0NdGvjEZyzk,,,,,30.2887,-97.7398,qr,EN,12,July,31,2015,Male,,Not Hispanic or Latino/a,,,,,White,,,None,,Atheist,,Never,Not at all important,No,Graduate or professional degree,Graduate or Professional degree,Not at all,Yes,At least once a day
2023-05-08 22:24:48,2023-05-08 22:25:43,IP Address,172.58.180.223,100,54,True,2023-05-08 22:25:44,R_3JgG0fpnay1XNCu,,,,,32.7797,-96.8022,qr,EN,Test,March,6,2003,Female,,Hispanic or Latino/a,,,,,,Other,,Other Christian,,Other Christian,,Daily,Very important,,Associate's degree,Associate's degree,A little bit,Yes,Rarely
2023-05-11 16:03:15,2023-05-11 16:04:49,IP Address,198.214.80.120,100,94,True,2023-05-11 16:04:50,R_2YYtz2LUC7Mwj1O,,,,,30.2887,-97.7398,qr,EN,51123,October,14,2016,Female,,Hispanic or Latino/a,,,,,White,,,None,,Buddhist,,Never,Not at all important,No,Bachelor's degree,Bachelor's degree,A little bit,No,Rarely
2023-05-15 13:32:16,2023-05-15 13:33:54,IP Address,128.62.39.71,100,98,True,2023-05-15 13:33:55,R_1LSGjFg6Rd3aP0F,,,,,30.2887,-97.7398,qr,EN,Test (12),,,,,,,,,,,,,,,,,,,,,,,,Yes,Rarely
2023-05-23 12:04:46,2023-05-23 12:06:36,IP Address,128.62.39.71,100,110,True,2023-05-23 12:06:37,R_aVqGKyRRJohB637,,,,,30.2887,-97.7398,qr,EN,Test14,,,,,,,,Asian,Black,,White,,,Other Christian,,,,,,,,,,No,Rarely
2023-06-23 13:18:59,2023-06-23 13:20:46,IP Address,128.62.36.92,100,107,True,2023-06-23 13:20:47,R_2CCiJ2XB88rzzBl,,,,,30.2887,-97.7398,qr,EN,Test,,,,,,,,,,,,,,,,,,,,,,,,No,
2023-06-23 13:19:00,2023-06-23 13:20:58,IP Address,128.62.44.123,100,118,True,2023-06-23 13:20:58,R_3nShaNjDhkG5HXq,,,,,30.2887,-97.7398,qr,EN,Test,,,,,,,,,,,,,,,,,,,,,,,,No,
2023-06-23 13:19:01,2023-06-23 13:21:01,IP Address,128.62.44.149,100,120,True,2023-06-23 13:21:02,R_1GyrRxsEVIR0NKP,,,,,30.2887,-97.7398,qr,EN,Test,,,,,,,,,,,,,,,,,,,,,,,,Yes,
2023-06-26 13:55:05,2023-06-26 13:55:46,IP Address,128.62.36.92,100,41,True,2023-06-26 13:55:46,R_2D8ircEnAvCxoEr,,,,,30.2887,-97.7398,qr,EN,,,,,,,,,,,,,,,,,,,,,,,,A little bit,Yes,Never
2023-06-27 12:41:28,2023-06-27 12:42:43,IP Address,128.62.36.92,100,74,True,2023-06-27 12:42:43,R_2VDyk8MP9yeGmdg,,,,,30.2887,-97.7398,qr,EN,14,July,5,2018,Female,,Not Hispanic or Latino/a,,,,,White,,,Agnostic,,Agnostic,,Never,Not at all important,No,Bachelor's degree,Graduate or Professional degree,A lot,No,Never
2023-06-27 15:06:26,2023-06-27 15:07:52,IP Address,128.62.36.92,100,85,True,2023-06-27 15:07:52,R_3FUnaT4Oqf828Nl,,,,,30.2887,-97.7398,qr,EN,15,August,29,2017,Female,,Not Hispanic or Latino/a,,,,,White,,,None,,Catholic,,Less than once a year,Not at all important,No,Graduate or professional degree,Graduate or Professional degree,Not at all,No,Never
2023-06-28 12:49:00,2023-06-28 12:50:39,IP Address,128.62.36.92,100,98,True,2023-06-28 12:50:39,R_3dH8DU7HjBJlIfC,,,,,30.2887,-97.7398,qr,EN,16,October,12,2015,Male,,Not Hispanic or Latino/a,,,,,White,,,Protestant,,Protestant,,A few times a month,Very important,No,Bachelor's degree,Bachelor's degree,A little bit,Yes,Often
2023-07-05 12:09:26,2023-07-05 12:10:05,IP Address,128.62.36.92,100,38,True,2023-07-05 12:10:05,R_Z7uXQVmB9LWLepP,,,,,30.2887,-97.7398,qr,EN,"Test ",,,,,,,,,,,,,,,,,,,,,,,,Yes,
2023-07-05 12:45:44,2023-07-05 15:34:49,IP Address,128.62.36.92,100,10144,True,2023-07-05 15:34:49,R_1DYUOmqyOKjLVbW,,,,,30.2887,-97.7398,qr,EN,Test,August,30,2018,Male,,Hispanic or Latino/a,,,,,White,,,Atheist,,None,,Never,Not at all important,No,Graduate or professional degree,Graduate or Professional degree,A little bit,No,Rarely
2023-07-08 13:30:10,2023-07-08 13:33:33,IP Address,128.62.36.92,100,203,True,2023-07-08 13:33:34,R_1K2SUiBQk16YY1l,,,,,30.2887,-97.7398,qr,EN,18,June,1,2018,Male,,Not Hispanic or Latino/a,,,Black,,White,,,Other,Spiritual,Other Christian,,A few times a year,Minimally important,No,Graduate or professional degree,Graduate or Professional degree,A lot,Yes,Never
2023-07-12 15:32:56,2023-07-12 15:34:02,IP Address,174.244.82.18,100,65,True,2023-07-12 15:34:02,R_RtoiyN93JKKYyJj,,,,,32.7797,-96.8022,qr,EN,20,December,10,2013,Female,,Not Hispanic or Latino/a,,,,,White,,,Protestant,,Catholic,,A few times a month,Moderately important,No,Bachelor's degree,High school diploma or equivalent,Not at all,No,Rarely
2023-07-13 10:51:26,2023-07-13 11:07:31,IP Address,128.62.36.92,100,965,True,2023-07-13 11:07:32,R_2w62pxbjjHSJh17,,,,,30.2887,-97.7398,qr,EN,21,October,21,2016,Male,,Not Hispanic or Latino/a,,Asian,,,,,,None,,None,,Never,Minimally important,No,Bachelor's degree,Graduate or Professional degree,A lot,Yes,At least once a day
2023-07-14 12:10:54,2023-07-14 12:40:26,IP Address,128.62.36.92,100,1771,True,2023-07-14 12:40:26,R_2TuWn91XG9LykNf,,,,,30.2887,-97.7398,qr,EN,22,February,20,2019,Female,,Not Hispanic or Latino/a,,Asian,,,White,,,Agnostic,,Atheist,,A few times a year,Not at all important,No,Graduate or professional degree,Graduate or Professional degree,Not at all,No,Never
2023-07-14 16:54:24,2023-07-14 16:56:53,IP Address,128.62.36.92,100,149,True,2023-07-14 16:56:54,R_23TPGHpWHgQY27I,,,,,30.2887,-97.7398,qr,EN,23,September,28,2017,Female,,Not Hispanic or Latino/a,,Asian,,,White,,,Protestant,,Protestant,,A few times a month,Very important,Yes,Graduate or professional degree,Bachelor's degree,A lot,No,Sometimes
2023-07-15 11:01:28,2023-07-15 11:07:43,IP Address,128.62.36.92,100,374,True,2023-07-15 11:07:44,R_2SvOqzlMJw2e3UL,,,,,30.2887,-97.7398,qr,EN,25,March,14,2018,Female,,Hispanic or Latino/a,,,,,White,,,Catholic,,,,Never,Minimally important,No,High school diploma or equivalent,High school diploma or equivalent,A lot,No,Never
2023-07-15 11:15:34,2023-07-15 11:16:46,IP Address,128.62.36.92,100,71,True,2023-07-15 11:16:47,R_264FVVaMcFf2ulY,,,,,30.2887,-97.7398,qr,EN,25,March,14,2018,Male,,Hispanic or Latino/a,,,,,White,,,Catholic,,,,Never,Minimally important,No,High school diploma or equivalent,High school diploma or equivalent,A lot,No,Rarely
2023-07-15 12:48:12,2023-07-15 12:51:21,IP Address,128.62.36.92,100,188,True,2023-07-15 12:51:21,R_2ZWBAjDciwl8JXc,,,,,30.2887,-97.7398,qr,EN,26,March,8,2019,Female,,Hispanic or Latino/a,,,,,White,,,Other Christian,,Agnostic,,Less than once a year,Minimally important,No,Graduate or professional degree,Graduate or Professional degree,A lot,No,Never
2023-07-18 11:52:26,2023-07-18 12:01:27,IP Address,128.62.36.92,100,541,True,2023-07-18 12:01:28,R_RmnckZlk3GZRfHP,,,,,30.2887,-97.7398,qr,EN,27,February,1,2017,Male,,Not Hispanic or Latino/a,,Asian,,,White,,,Buddhist,,Catholic,,Less than once a year,Minimally important,No,Associate's degree,Bachelor's degree,A lot,No,Rarely
2023-07-18 12:10:15,2023-07-18 12:11:51,IP Address,128.62.36.92,100,95,True,2023-07-18 12:11:51,R_3FPTmIb6Z4SeohX,,,,,30.2887,-97.7398,qr,EN,28,March,25,2015,Female,,Not Hispanic or Latino/a,,Asian,,,White,,,Buddhist,,Catholic,,Less than once a year,Minimally important,No,Associate's degree,Bachelor's degree,A lot,No,Rarely
2023-07-21 10:55:41,2023-07-21 10:58:57,IP Address,128.62.36.92,100,196,True,2023-07-21 10:58:57,R_12ifuzxW0TekxcF,,,,,30.2887,-97.7398,qr,EN,29,October,17,2017,Female,,Not Hispanic or Latino/a,,,,,White,,,Protestant,,Protestant,,A few times a year,Minimally important,No,Graduate or professional degree,Bachelor's degree,A lot,Yes,Often
2023-07-21 12:46:28,2023-07-21 13:31:51,IP Address,128.62.36.92,100,2722,True,2023-07-21 13:31:51,R_2XpMxzy4MRQkZLY,,,,,30.2887,-97.7398,qr,EN,30,February,9,2016,Male,,Not Hispanic or Latino/a,,Asian,,,White,,,Protestant,,Protestant,,A few times a year,Moderately important,No,Bachelor's degree,Some college,A little bit,No,Sometimes
2023-07-21 13:56:52,2023-07-21 13:58:36,IP Address,128.62.36.92,100,103,True,2023-07-21 13:58:37,R_3n2fXOLR2cfaLZp,,,,,30.2887,-97.7398,qr,EN,31,September,26,2017,Male,,Hispanic or Latino/a,,,,,White,,,Catholic,,Agnostic,,A few times a year,Moderately important,No,Graduate or professional degree,Bachelor's degree,A little bit,Yes,Often
2023-07-22 11:11:36,2023-07-22 11:16:56,IP Address,128.62.36.92,100,319,True,2023-07-22 11:16:56,R_2THKOuyTkMmaoFv,,,,,30.2887,-97.7398,qr,EN,32,April,3,2017,Male,,Hispanic or Latino/a,,,,,White,,,Other Christian,,Protestant,,A few times a month,Moderately important,No,Graduate or professional degree,Bachelor's degree,A lot,No,Never
2023-07-22 11:42:45,2023-07-22 11:51:28,IP Address,128.62.36.92,100,523,True,2023-07-22 11:51:28,R_2qxwnlqvKiQCljT,,,,,30.2887,-97.7398,qr,EN,33,October,9,2018,Female,,Hispanic or Latino/a,,,,,White,,,Protestant,,Protestant,,A few times a month,Moderately important,No,Graduate or professional degree,Bachelor's degree,A lot,No,Never
2023-07-22 12:35:14,2023-07-22 12:45:27,IP Address,128.62.36.92,100,613,True,2023-07-22 12:45:28,R_5ur0h2UQcG44kSZ,,,,,30.2887,-97.7398,qr,EN,34,August,17,2015,Female,,Not Hispanic or Latino/a,,,,,White,,,Atheist,,Atheist,,Never,Not at all important,No,Graduate or professional degree,Bachelor's degree,A little bit,Yes,At least once a day
2023-07-24 11:07:05,2023-07-24 11:09:05,IP Address,128.62.36.92,100,119,True,2023-07-24 11:09:05,R_3hc3f5v7tYVXNkU,,,,,30.2887,-97.7398,qr,EN,38,January,23,2019,Female,,Hispanic or Latino/a,,Asian,,,White,,,Catholic,,Catholic,,A few times a month,Very important,No,Graduate or professional degree,Bachelor's degree,A lot,Yes,Rarely
2023-07-24 11:02:38,2023-07-24 11:09:05,IP Address,128.62.35.209,100,387,True,2023-07-24 11:09:06,R_2xOYU3aE8mHLkFe,,,,,30.2887,-97.7398,qr,EN,35,July,4,2013,Male,,Hispanic or Latino/a,,Asian,,,White,,,Catholic,,Catholic,,A few times a month,Very important,No,Graduate or professional degree,Bachelor's degree,A lot,Yes,Rarely
2023-07-24 11:49:29,2023-07-24 11:53:17,IP Address,128.62.36.92,100,228,True,2023-07-24 11:53:18,R_b2upTapFuAKobbb,,,,,30.2887,-97.7398,qr,EN,39,December,2,2014,Male,,Hispanic or Latino/a,,Asian,,,White,,,Catholic,,Catholic,,A few times a month,Very important,No,Graduate or professional degree,Bachelor's degree,A lot,Yes,Rarely
2023-07-24 11:54:20,2023-07-24 11:55:18,IP Address,128.62.38.45,100,57,True,2023-07-24 11:55:18,R_32YpHKDlnNyJh2b,,,,,30.2887,-97.7398,qr,EN,36,September,20,2017,Male,,Hispanic or Latino/a,,Asian,,,White,,,Catholic,,Catholic,,A few times a month,Very important,No,Graduate or professional degree,Bachelor's degree,A lot,No,Sometimes
2023-07-24 13:06:24,2023-07-24 13:07:34,IP Address,198.214.80.217,100,69,True,2023-07-24 13:07:34,R_29al8t1q66beg9R,,,,,30.2881,-97.764,qr,EN,40,April,16,2015,Male,,Not Hispanic or Latino/a,,,,,White,,,Atheist,,Atheist,,A few times a year,Not at all important,No,Graduate or professional degree,Bachelor's degree,A lot,Yes,At least once a day
2023-07-26 14:31:11,2023-07-26 14:32:46,IP Address,128.62.36.92,100,94,True,2023-07-26 14:32:47,R_1mh2exlBAmfNi1T,,,,,30.2887,-97.7398,qr,EN,,,,,,,,,,,,,,,,,,,,,,,,,Yes,Never
2023-07-29 11:43:52,2023-07-29 11:45:25,IP Address,166.198.250.122,100,92,True,2023-07-29 11:45:26,R_263TDPaiM000vVL,,,,,33.5896,-101.861,qr,EN,41,November,18,2015,Female,,Not Hispanic or Latino/a,,,Black,,,,,Other Christian,,Other Christian,,Less than once a year,Moderately important,No,Bachelor's degree,Associate's degree,A lot,Yes,At least once a day
2023-07-29 12:05:06,2023-07-29 12:06:11,IP Address,166.198.250.122,100,64,True,2023-07-29 12:06:12,R_usGylEwiDh1VUA1,,,,,33.5896,-101.861,qr,EN,42,November,18,2015,Male,,Not Hispanic or Latino/a,,,Black,,,,,Other Christian,,Other Christian,,Less than once a year,Moderately important,No,Bachelor's degree,Associate's degree,A lot,Yes,At least once a day
2023-07-29 12:12:06,2023-07-29 12:36:27,IP Address,128.62.44.156,100,1461,True,2023-07-29 12:36:28,R_3Ey8UNxwoL0Oyy4,,,,,30.2887,-97.7398,qr,EN,44,April,13,2016,Male,,Not Hispanic or Latino/a,,,,,White,,,None,,Other,Spirtual,Less than once a year,Not at all important,No,Bachelor's degree,Bachelor's degree,A little bit,No,Sometimes
2023-07-29 12:36:40,2023-07-29 12:38:10,IP Address,128.62.36.92,100,90,True,2023-07-29 12:38:10,R_2c18jw0cgfbHBI7,,,,,30.2887,-97.7398,qr,EN,43,March,25,2018,Male,,Not Hispanic or Latino/a,,,,,White,,,None,,Other,Spiritual,Less than once a year,Not at all important,No,Bachelor's degree,Bachelor's degree,A little bit,No,Sometimes
2023-08-02 10:25:45,2023-08-02 10:30:46,IP Address,128.62.34.153,100,301,True,2023-08-02 10:30:47,R_3MrGCVQz5RZXlGb,,,,,30.2887,-97.7398,qr,EN,45,November,13,2018,Male,,Not Hispanic or Latino/a,,,,,White,,,None,,None,,Less than once a year,Not at all important,No,Graduate or professional degree,Graduate or Professional degree,A little bit,Yes,At least once a day
2023-08-02 10:50:56,2023-08-02 11:37:31,IP Address,128.62.34.153,100,2794,True,2023-08-02 11:37:32,R_1nOxVeoYfHn6GDH,,,,,30.2887,-97.7398,qr,EN,46,April,16,2014,Male,,Not Hispanic or Latino/a,,,,,White,,,Catholic,,Catholic,,A few times a week,Very important,No,Graduate or professional degree,Graduate or Professional degree,A lot,No,Never
2023-08-02 14:02:38,2023-08-02 14:04:17,IP Address,128.62.34.153,100,98,True,2023-08-02 14:04:17,R_prAG4BB1QbYrMbf,,,,,30.2887,-97.7398,qr,EN,47,March,18,2013,Male,,Not Hispanic or Latino/a,,,,,White,,,None,,None,,A few times a year,Not at all important,No,Bachelor's degree,Graduate or Professional degree,A little bit,No,Never
2023-08-04 12:19:47,2023-08-04 12:51:12,IP Address,128.62.34.153,100,1884,True,2023-08-04 12:51:13,R_21Exx7qhIJG0SrI,,,,,30.2887,-97.7398,qr,EN,48,April,24,2015,Female,,Not Hispanic or Latino/a,,,,,White,,,Jewish,,Jewish,,Never,Minimally important,No,Graduate or professional degree,Graduate or Professional degree,A little bit,Yes,Sometimes
2023-08-04 13:22:42,2023-08-04 13:23:57,IP Address,128.62.33.141,100,75,True,2023-08-04 13:23:58,R_2xKVs5otUgbtlVo,,,,,30.2887,-97.7398,qr,EN,49,May,26,2017,Female,,Not Hispanic or Latino/a,,,,,White,,,Jewish,,Jewish,,Never,Minimally important,No,Graduate or professional degree,Graduate or Professional degree,A little bit,Yes,Sometimes
2023-08-05 10:54:53,2023-08-05 10:56:37,IP Address,128.62.34.153,100,103,True,2023-08-05 10:56:37,R_3fC6fOPcCgm3nw1,,,,,30.2887,-97.7398,qr,EN,50,October,28,2018,Female,,Not Hispanic or Latino/a,,,,,White,,,None,,None,,Never,Not at all important,No,Bachelor's degree,Bachelor's degree,A little bit,No,Rarely
2023-08-07 12:26:45,2023-08-07 12:30:46,IP Address,128.62.34.153,100,240,True,2023-08-07 12:30:47,R_2Xh4zMeioqxkysq,,,,,30.2887,-97.7398,qr,EN,51,December,23,2012,Female,,Not Hispanic or Latino/a,,,,,White,,,Other,Austin Oaks,,,A few times a year,Moderately important,No,Some college,Some college,A little bit,No,
2023-07-31 12:35:58,2023-07-31 12:56:40,IP Address,128.62.44.156,29,1241,False,2023-08-07 12:56:42,R_1JFrNEl0EIvO7s0,,,,,,,qr,EN,,,,,Other,,,,,,,,,,,,,,,,,,,,,
2023-08-09 11:18:56,2023-08-09 11:20:45,IP Address,128.62.44.156,100,108,True,2023-08-09 11:20:46,R_Wpa9uCQ97m1wzGV,,,,,30.2887,-97.7398,qr,EN,52,June,1,2017,Female,,Not Hispanic or Latino/a,,,,,White,,,Protestant,,Protestant,,A few times a month,Very important,No,Bachelor's degree,Bachelor's degree,A little bit,Yes,Sometimes
2023-08-11 12:47:56,2023-08-11 12:50:48,IP Address,128.62.39.122,100,172,True,2023-08-11 12:50:49,R_bOVDWAEk1Y0XYrv,,,,,30.2887,-97.7398,qr,EN,53,July,11,2016,Female,,Hispanic or Latino/a,,,,,,Other,Latino,Other,Believe in god but donâ€™t follow a certain religion,,,Less than once a year,Minimally important,No,Bachelor's degree,Some college,A lot,No,Rarely
2023-08-26 11:21:11,2023-08-26 11:22:30,IP Address,128.62.42.186,100,79,True,2023-08-26 11:22:31,R_2bUdH1kBE8s9onV,,,,,30.2887,-97.7398,qr,EN,55,August,8,2014,Female,,Not Hispanic or Latino/a,,Asian,,,White,,,Protestant,,Agnostic,,Less than once a year,Minimally important,No,Graduate or professional degree,Graduate or Professional degree,A little bit,No,Rarely
2023-08-26 13:55:34,2023-08-26 13:57:13,IP Address,128.62.42.186,100,99,True,2023-08-26 13:57:14,R_XoFMFJ99zbYYCxH,,,,,30.2887,-97.7398,qr,EN,56,July,17,2015,Female,,Not Hispanic or Latino/a,,Asian,,,,,,Protestant,,Protestant,,A few times a month,Very important,No,Bachelor's degree,Bachelor's degree,A little bit,Yes,Sometimes
2023-08-30 10:28:56,2023-08-30 10:40:25,IP Address,128.62.42.186,100,689,True,2023-08-30 10:40:26,R_1LwmEqxZ6DKlFFf,,,,,30.2887,-97.7398,qr,EN,56,March,7,2013,Male,,Hispanic or Latino/a,,,,,White,,,Other Christian,,Other Christian,,A few times a month,Very important,No,Some college,Some college,Not at all,No,Rarely
2023-09-01 16:17:49,2023-09-01 16:40:23,IP Address,128.62.42.186,100,1353,True,2023-09-01 16:40:23,R_1Gvm5HP6S4JmBv5,,,,,30.2887,-97.7398,qr,EN,57,June,2,2012,Female,,Not Hispanic or Latino/a,,,,,White,,,Protestant,,Protestant,,A few times a month,Moderately important,No,Associate's degree,Some college,A little bit,Yes,Sometimes
2023-09-02 10:35:32,2023-09-02 10:37:06,IP Address,128.62.42.186,100,94,True,2023-09-02 10:37:07,R_1CrbvVd4fWuE2eY,,,,,30.2887,-97.7398,qr,EN,58,January,26,2018,Male,,Not Hispanic or Latino/a,,Asian,,,,,,None,,None,,Less than once a year,Minimally important,No,Graduate or professional degree,Graduate or Professional degree,A lot,Yes,At least once a day
2023-09-02 10:37:26,2023-09-02 10:38:32,IP Address,128.62.42.186,100,65,True,2023-09-02 10:38:32,R_2xFb6HYVcmUHlUc,,,,,30.2887,-97.7398,qr,EN,59,August,18,2019,Male,,Not Hispanic or Latino/a,,Asian,,,,,,None,,None,,Less than once a year,Minimally important,No,Graduate or professional degree,Graduate or Professional degree,A lot,Yes,At least once a day
2023-09-02 14:09:41,2023-09-02 14:11:08,IP Address,128.62.42.186,100,87,True,2023-09-02 14:11:09,R_Rn14oadC6vyS0yR,,,,,30.2887,-97.7398,qr,EN,60,November,15,2018,Male,,Not Hispanic or Latino/a,,,,,White,,,Jewish,,Protestant,,Less than once a year,Minimally important,Yes,Bachelor's degree,Bachelor's degree,A little bit,Yes,At least once a day
2023-09-06 17:30:03,2023-09-08 10:22:12,IP Address,128.62.47.235,100,147129,True,2023-09-08 10:22:13,R_2VxcKUyegmpZix5,,,,,30.2887,-97.7398,qr,EN,Test,,,,,,,,,,,,,,,,,,,,,,,,No,
2023-09-08 10:22:20,2023-09-08 10:55:35,IP Address,128.62.47.235,100,1995,True,2023-09-08 10:55:36,R_1Q3DiSQGpYLP9w6,,,,,30.2887,-97.7398,qr,EN,61,November,7,2012,Female,,Not Hispanic or Latino/a,American Indian or Alaska Native,,,,White,,,Catholic,,Catholic,,A few times a week,Very important,No,Graduate or professional degree,Bachelor's degree,A lot,Yes,At least once a day
2023-09-09 10:23:49,2023-09-09 10:27:06,IP Address,128.62.47.235,100,197,True,2023-09-09 10:27:07,R_cUzmIcgxbMMdGoN,,,,,30.2887,-97.7398,qr,EN,140,June,4,2012,Female,,Hispanic or Latino/a,,,,,White,,,Other Christian,,Other Christian,,A few times a month,Very important,No,Bachelor's degree,Associate's degree,Not at all,No,Never
2023-09-09 11:23:33,2023-09-09 11:26:03,IP Address,128.62.47.235,100,150,True,2023-09-09 11:26:04,R_2rq0A3zMnaktAAY,,,,,30.2887,-97.7398,qr,EN,62,June,14,2013,Female,,Hispanic or Latino/a,,,,,White,,,Agnostic,,Atheist,,Less than once a year,Not at all important,No,Graduate or professional degree,Graduate or Professional degree,Not at all,No,Rarely
2023-09-09 10:49:27,2023-09-09 12:22:27,IP Address,128.62.40.14,100,5580,True,2023-09-09 12:22:28,R_2AGClRkw4JCcsoU,,,,,30.2887,-97.7398,qr,EN,Test,October,27,2014,Female,,Not Hispanic or Latino/a,,,,,White,,,Jewish,,Jewish,,A few times a year,Minimally important,No,Bachelor's degree,Bachelor's degree,A little bit,No,Never
2023-09-09 12:22:36,2023-09-09 12:23:37,IP Address,128.62.40.14,100,60,True,2023-09-09 12:23:37,R_1QnfKdgtXvSaRaE,,,,,30.2887,-97.7398,qr,EN,64,March,13,2018,Female,,Not Hispanic or Latino/a,,,,,White,,,Jewish,,Jewish,,A few times a year,Minimally important,No,Bachelor's degree,Bachelor's degree,A little bit,No,Never
2023-09-09 13:32:16,2023-09-09 13:35:23,IP Address,128.62.47.235,100,186,True,2023-09-09 13:35:23,R_OJpJMCNplFuKLE5,,,,,30.2887,-97.7398,qr,EN,65,March,20,2015,Male,,Hispanic or Latino/a,,,,,White,,,Jewish,,Agnostic,,A few times a year,Minimally important,No,Graduate or professional degree,Graduate or Professional degree,Not at all,No,Often
2023-09-11 10:13:09,2023-09-11 10:38:18,IP Address,128.62.47.235,100,1508,True,2023-09-11 10:38:19,R_1T6OPVftvVeO0p3,,,,,30.2887,-97.7398,qr,EN,66,July,27,2013,Male,,Not Hispanic or Latino/a,,,,,White,,,Agnostic,,Agnostic,,Never,Not at all important,No,Bachelor's degree,Bachelor's degree,Not at all,Yes,At least once a day
2023-09-11 17:08:56,2023-09-13 15:41:43,IP Address,128.62.47.235,100,167566,True,2023-09-13 15:41:44,R_2xLubrmHLGMQVJG,,,,,30.2887,-97.7398,qr,EN,67,October,11,2012,Male,,Not Hispanic or Latino/a,,,,,White,,,Protestant,,Protestant,,Less than once a year,Minimally important,No,Graduate or professional degree,Bachelor's degree,A lot,Yes,At least once a day
2023-09-13 16:53:15,2023-09-13 16:58:35,IP Address,128.62.47.235,100,319,True,2023-09-13 16:58:36,R_Tu5cRw7OBuMDXX3,,,,,30.2887,-97.7398,qr,EN,68,October,11,2012,Female,,Not Hispanic or Latino/a,,,,,White,,,Jewish,,Jewish,,A few times a week,Moderately important,No,Graduate or professional degree,Graduate or Professional degree,Not at all,Yes,At least once a day
2023-09-15 11:29:03,2023-09-15 11:30:27,IP Address,128.62.47.235,100,83,True,2023-09-15 11:30:28,R_1DMQNpt9GEwUGvQ,,,,,30.2887,-97.7398,qr,EN,Test,,,,,,,,,,,,,,,,,,,,,,,,Yes,
2023-09-16 10:34:36,2023-09-16 10:38:40,IP Address,128.62.47.235,100,243,True,2023-09-16 10:38:41,R_1GUrw2H3i7KIrYa,,,,,30.2887,-97.7398,qr,EN,69,July,7,2017,Female,,Hispanic or Latino/a,,,,,,Other,,None,,Other,Unity,A few times a month,Minimally important,No,Some college,Some college,A little bit,Yes,Often
2023-09-16 11:03:48,2023-09-16 11:05:58,IP Address,128.62.40.14,100,129,True,2023-09-16 11:05:59,R_7WztR68ixPSNV3H,,,,,30.2887,-97.7398,qr,EN,70,September,20,2012,Female,,Not Hispanic or Latino/a,,,,,White,,,Protestant,,None,,Less than once a year,Minimally important,No,Graduate or professional degree,Bachelor's degree,A lot,Yes,Sometimes
2023-09-16 11:31:03,2023-09-16 11:33:22,IP Address,128.62.40.14,100,138,True,2023-09-16 11:33:23,R_1dGkbciwfgxkxyy,,,,,30.2887,-97.7398,qr,EN,71,December,10,2018,Female,,Hispanic or Latino/a,,,Black,,White,,,None,,None,,Never,Not at all important,No,Some college,High school diploma or equivalent,A little bit,Yes,Rarely
2023-09-16 11:48:48,2023-09-16 11:50:12,IP Address,128.62.47.235,100,84,True,2023-09-16 11:50:13,R_1l9IlafFWfXdmLy,,,,,30.2887,-97.7398,qr,EN,72,November,11,2014,Female,,Not Hispanic or Latino/a,,,Black,,White,,,None,,None,,Never,Not at all important,No,Graduate or professional degree,Bachelor's degree,Not at all,Yes,Sometimes
2023-09-16 12:39:54,2023-09-16 12:41:52,IP Address,128.62.47.235,100,118,True,2023-09-16 12:41:53,R_2tbwMIfYm9eKzMe,,,,,30.2887,-97.7398,qr,EN,73,August,25,2014,Male,,Not Hispanic or Latino/a,,Asian,,,,,,Buddhist,,None,,Less than once a year,Minimally important,No,Graduate or professional degree,Graduate or Professional degree,A lot,Yes,Often
2023-09-18 10:10:49,2023-09-18 10:19:30,IP Address,128.62.47.235,100,521,True,2023-09-18 10:19:31,R_zT1IxjfcrThmpod,,,,,30.2887,-97.7398,qr,EN,74,January,4,2013,Male,,Hispanic or Latino/a,,Asian,,,White,,,Catholic,,Catholic,,Less than once a year,Minimally important,No,Bachelor's degree,Bachelor's degree,A lot,Yes,At least once a day
2023-09-18 17:03:57,2023-09-18 17:32:22,IP Address,128.62.47.235,100,1705,True,2023-09-18 17:32:28,R_2VQKlYEdRIVWPyY,,,,,30.2887,-97.7398,qr,EN,75,July,16,2016,Female,,Not Hispanic or Latino/a,,,,,White,,,Atheist,,Atheist,,Never,Not at all important,No,Graduate or professional degree,Bachelor's degree,A little bit,No,Never
2023-09-18 17:04:13,2023-09-18 17:33:13,IP Address,128.62.47.235,100,1740,True,2023-09-18 17:33:14,R_3IXZ1fEL0NaNKtT,,,,,30.2887,-97.7398,qr,EN,76,June,26,2018,Male,,Not Hispanic or Latino/a,,,,,White,,,Atheist,,Atheist,,Never,Not at all important,No,Graduate or professional degree,Bachelor's degree,A little bit,No,Never
2023-09-19 16:06:35,2023-09-19 16:08:05,IP Address,128.62.40.14,100,89,True,2023-09-19 16:08:06,R_8A1P08g38ggASSR,,,,,30.2887,-97.7398,qr,EN,77,March,6,2015,Male,,Hispanic or Latino/a,,,,,White,,,Jewish,,Jewish,,A few times a year,Moderately important,No,Bachelor's degree,Bachelor's degree,Not at all,Yes,At least once a day
2023-09-21 13:36:11,2023-09-21 13:47:27,IP Address,128.62.47.235,100,676,True,2023-09-21 13:47:28,R_p0ncLHL3eT5J2a5,,,,,30.2887,-97.7398,qr,EN,Test,,,,,,,,,,,,,,,,,,,,,,,,Yes,
2023-09-22 13:01:39,2023-09-22 13:03:06,IP Address,128.62.40.239,100,87,True,2023-09-22 13:03:07,R_2fk6PLBToCElWHo,,,,,30.2887,-97.7398,qr,EN,Test,,,,,,,,,,,,,,,,,,,,,,,,Yes,
2023-09-22 17:25:56,2023-09-22 17:40:48,IP Address,128.62.42.118,100,891,True,2023-09-22 17:40:49,R_1Nk9vk64LlBEKrR,,,,,30.2887,-97.7398,qr,EN,78,October,18,2016,Male,,Not Hispanic or Latino/a,,,,,White,,,None,,None,,Never,Not at all important,No,Bachelor's degree,Bachelor's degree,A lot,No,Rarely
2023-09-22 17:26:26,2023-09-22 17:41:27,IP Address,128.62.40.239,100,900,True,2023-09-22 17:41:27,R_3NytSeaHJVIjMoB,,,,,30.2887,-97.7398,qr,EN,79,October,28,2018,Female,,Not Hispanic or Latino/a,,,,,White,,,None,,Agnostic,,Never,Minimally important,No,Bachelor's degree,Bachelor's degree,A lot,Yes,Never
2023-09-22 17:55:55,2023-09-22 18:16:19,IP Address,128.62.42.118,100,1223,True,2023-09-22 18:16:19,R_2twWd9tazu6ftoE,,,,,30.2887,-97.7398,qr,EN,78,,,,,,,,,,,,,,,,,,,,,,,,Yes,
2023-09-23 10:23:50,2023-09-23 10:33:55,IP Address,128.62.42.118,100,605,True,2023-09-23 10:33:56,R_3QVLJIi6945v4AW,,,,,30.2887,-97.7398,qr,EN,80,June,12,2013,Female,,Not Hispanic or Latino/a,,,,,White,,,Agnostic,,Atheist,,Never,Not at all important,No,Bachelor's degree,Bachelor's degree,A lot,Yes,At least once a day
2023-09-23 10:52:05,2023-09-23 10:53:03,IP Address,128.62.42.118,100,57,True,2023-09-23 10:53:03,R_AiXH4pRcp1DpH4l,,,,,30.2887,-97.7398,qr,EN,81,June,12,2013,Male,,Not Hispanic or Latino/a,,,,,White,,,Agnostic,,Atheist,,Never,Not at all important,No,Bachelor's degree,Bachelor's degree,A lot,Yes,Often
2023-09-23 12:49:37,2023-09-23 13:00:00,IP Address,128.62.42.118,100,623,True,2023-09-23 13:00:00,R_2rVPfMGDCuQdLrz,,,,,30.2887,-97.7398,qr,EN,82,December,31,2012,Female,,Not Hispanic or Latino/a,,,,,White,,,Agnostic,,Agnostic,,Never,Not at all important,No,Bachelor's degree,Bachelor's degree,A lot,Yes,Often
2023-09-25 10:40:43,2023-09-25 11:33:18,IP Address,128.62.40.239,100,3154,True,2023-09-25 11:33:19,R_25sVKDkgE1lfdSX,,,,,30.2887,-97.7398,qr,EN,83,August,22,2017,Male,,Hispanic or Latino/a,,,,,,Other,Latino/Hispanic,Other Christian,,Agnostic,,A few times a year,Minimally important,No,Some college,Bachelor's degree,A lot,Yes,At least once a day
2023-09-28 17:20:47,2023-09-28 17:52:45,IP Address,128.62.40.24,100,1917,True,2023-09-28 17:52:46,R_2X5IyJBo2vZoYha,,,,,30.2887,-97.7398,qr,EN,84,August,11,2017,Female,,Hispanic or Latino/a,,,,,White,,,Catholic,,Other Christian,,A few times a year,Moderately important,No,Graduate or professional degree,High school diploma or equivalent,A lot,No,Sometimes
2023-09-29 13:15:38,2023-09-29 13:21:26,IP Address,128.62.47.27,100,348,True,2023-09-29 13:21:27,R_reUaecuqY5kByDf,,,,,30.2887,-97.7398,qr,EN,74,January,2,2017,Male,,Not Hispanic or Latino/a,,,,,White,,,Catholic,,Catholic,,A few times a year,Moderately important,No,Graduate or professional degree,Graduate or Professional degree,A lot,Yes,Rarely
2023-09-29 15:52:51,2023-09-29 15:56:18,IP Address,128.62.47.27,100,206,True,2023-09-29 15:56:18,R_2V9m7tjbtWDkEex,,,,,30.2887,-97.7398,qr,EN,86,April,13,2015,Female,,Not Hispanic or Latino/a,,,,,White,,,Protestant,,Jewish,,A few times a year,Minimally important,No,Graduate or professional degree,Graduate or Professional degree,A lot,No,Rarely
2023-09-30 11:02:23,2023-09-30 11:05:59,IP Address,128.62.47.27,100,215,True,2023-09-30 11:05:59,R_1JX7FIsxz92Hhim,,,,,30.2887,-97.7398,qr,EN,87,May,31,2015,Female,,Hispanic or Latino/a,,,,,White,,,Other Christian,,Other Christian,,A few times a month,Very important,No,Bachelor's degree,Bachelor's degree,A lot,No,Sometimes
2023-09-30 14:47:19,2023-09-30 14:50:16,IP Address,128.62.40.24,100,176,True,2023-09-30 14:50:17,R_3oEI6Z8jg901nXs,,,,,30.2887,-97.7398,qr,EN,88,November,13,2016,Female,,Hispanic or Latino/a,,,,,White,,,Other,"Jewish/catholic ",,,Never,Not at all important,No,Graduate or professional degree,Graduate or Professional degree,A lot,No,Sometimes
2023-10-02 15:46:22,2023-10-02 15:48:26,IP Address,128.62.47.27,100,124,True,2023-10-02 15:48:26,R_3CZNNqGJTjqATxX,,,,,30.2887,-97.7398,qr,EN,89,January,18,2017,Female,,Not Hispanic or Latino/a,,,Black,,White,,,Protestant,,,,Less than once a year,Minimally important,No,Graduate or professional degree,Bachelor's degree,A lot,No,Never
2023-10-04 15:35:49,2023-10-06 11:20:52,IP Address,128.62.47.27,100,157503,True,2023-10-06 11:20:53,R_3LdPzHNhuNqgm3p,,,,,30.2887,-97.7398,qr,EN,90,November,20,2018,Female,,Not Hispanic or Latino/a,,,,,White,,,Other Christian,,Other Christian,,A few times a month,Minimally important,No,Graduate or professional degree,Bachelor's degree,Not at all,Yes,Often
2023-10-06 11:39:18,2023-10-06 11:49:48,IP Address,128.62.47.27,100,630,True,2023-10-06 11:49:49,R_32Rgov0Wo8Yjhn8,,,,,30.2887,-97.7398,qr,EN,91,September,25,2014,Male,,Not Hispanic or Latino/a,,,,,White,,,Other Christian,,Other Christian,,A few times a month,Minimally important,No,Graduate or professional degree,Bachelor's degree,Not at all,Yes,Often
2023-10-07 11:02:34,2023-10-07 11:22:19,IP Address,128.62.47.27,100,1184,True,2023-10-07 11:22:19,R_4Z5cOqwc3UMW1mV,,,,,30.2887,-97.7398,qr,EN,92,December,5,2014,Female,,Not Hispanic or Latino/a,,,,,White,,,Other Christian,,Other Christian,,Never,Moderately important,No,Graduate or professional degree,Graduate or Professional degree,A lot,Yes,Rarely
2023-10-07 12:02:01,2023-10-07 12:16:33,IP Address,128.62.43.204,100,872,True,2023-10-07 12:16:34,R_1IfQUTB3ZBWhFvr,,,,,30.2887,-97.7398,qr,EN,93,November,24,2014,Female,,Not Hispanic or Latino/a,,Asian,,,White,,,Buddhist,,Atheist,,Never,Minimally important,No,Graduate or professional degree,Some college,A little bit,Yes,At least once a day
2023-10-07 12:49:28,2023-10-07 13:00:51,IP Address,128.62.43.204,100,682,True,2023-10-07 13:00:51,R_1rxqdBVLRRPtwyb,,,,,30.2887,-97.7398,qr,EN,94,September,17,2015,Female,,Hispanic or Latino/a,,,,,White,,,Other Christian,,Agnostic,,A few times a month,Very important,No,Graduate or professional degree,Bachelor's degree,A little bit,No,Never
2023-10-09 12:17:33,2023-10-09 12:19:06,IP Address,128.62.47.27,100,92,True,2023-10-09 12:19:07,R_2VEc1zSwIMqd95F,,,,,30.2887,-97.7398,qr,EN,96,March,6,2017,Male,,Hispanic or Latino/a,,Asian,,,White,,,Muslim,,Agnostic,,A few times a year,Moderately important,No,Bachelor's degree,Bachelor's degree,A lot,No,Never
2023-10-09 11:57:38,2023-10-09 12:19:46,IP Address,128.62.43.204,100,1328,True,2023-10-09 12:19:47,R_1FLAVWZ4QnKml7I,,,,,30.2887,-97.7398,qr,EN,96,,,,Female,,Hispanic or Latino/a,,Asian,,,White,,,Muslim,,Agnostic,,A few times a year,Moderately important,No,Bachelor's degree,Bachelor's degree,A lot,No,Never
2023-10-14 10:22:20,2023-10-14 10:49:51,IP Address,128.62.42.30,100,1650,True,2023-10-14 10:49:52,R_2V9i6Cc0COIVXJB,,,,,30.2887,-97.7398,qr,EN,97,December,26,2016,Male,,Hispanic or Latino/a,American Indian or Alaska Native,,,,White,,,Protestant,,Catholic,,A few times a month,Moderately important,No,Bachelor's degree,No high school,Not at all,No,Rarely
2023-10-14 11:10:02,2023-10-14 11:14:30,IP Address,128.62.42.30,100,267,True,2023-10-14 11:14:30,R_1QQjbLxN3nC8ZkR,,,,,30.2887,-97.7398,qr,EN,98,July,15,2014,Female,,Hispanic or Latino/a,American Indian or Alaska Native,,,,White,,,Protestant,,Catholic,,A few times a month,Moderately important,No,Bachelor's degree,Some high school,Not at all,No,Rarely
2023-10-14 10:22:45,2023-10-14 11:19:44,IP Address,128.62.43.204,100,3419,True,2023-10-14 11:19:45,R_1LY8xEG7wGmy3WZ,,,,,30.2887,-97.7398,qr,EN,98,November,19,2012,Female,,Hispanic or Latino/a,American Indian or Alaska Native,,,,White,,,Protestant,,Catholic,,A few times a month,Moderately important,No,Bachelor's degree,Some high school,Not at all,No,Rarely
2023-10-19 15:31:33,2023-10-19 15:33:09,IP Address,128.62.43.204,100,95,True,2023-10-19 15:33:10,R_tGPiLvqGVLO8XdL,,,,,30.2887,-97.7398,qr,EN,100,December,10,2015,Female,,Not Hispanic or Latino/a,,,,,White,,,Other,Unitarian Universalist,,,A few times a month,Moderately important,No,Graduate or professional degree,Some college,A little bit,No,Rarely
2023-10-18 16:57:05,2023-10-18 16:57:09,IP Address,128.62.42.30,5,4,False,2023-10-25 16:57:15,R_1Nwayrs3mKdJsMc,,,,,,,qr,EN,100,,,,,,,,,,,,,,,,,,,,,,,,,
2023-10-27 16:16:52,2023-10-27 16:18:15,IP Address,128.62.37.33,100,82,True,2023-10-27 16:18:16,R_1LpL4AyPZujLyo6,,,,,30.2887,-97.7398,qr,EN,101,December,10,2016,Female,,Hispanic or Latino/a,,,,,White,,,None,,None,,Never,Not at all important,No,Graduate or professional degree,Bachelor's degree,A little bit,Yes,Sometimes
2023-10-27 16:48:56,2023-10-27 16:56:35,IP Address,128.62.37.33,100,459,True,2023-10-27 16:56:36,R_01APaXg4FnYL8A1,,,,,30.2887,-97.7398,qr,EN,102,May,26,2017,Female,,Not Hispanic or Latino/a,,,,,White,,,Jewish,,Jewish,,Never,Not at all important,No,Graduate or professional degree,Graduate or Professional degree,A little bit,Yes,Often
2023-11-03 10:16:48,2023-11-03 10:47:23,IP Address,128.62.32.181,100,1835,True,2023-11-03 10:47:24,R_31yDFLT7OOarQN1,,,,,30.2887,-97.7398,qr,EN,105,December,11,2014,Female,,Not Hispanic or Latino/a,,Asian,Black,,White,,,Buddhist,,Other Christian,,Less than once a year,Moderately important,No,Graduate or professional degree,Graduate or Professional degree,A little bit,No,Rarely
2023-11-03 10:47:52,2023-11-03 10:49:27,IP Address,128.62.45.81,100,95,True,2023-11-03 10:49:28,R_pM2gbzMLc0VBVzX,,,,,30.2887,-97.7398,qr,EN,103,December,27,2017,Male,,Not Hispanic or Latino/a,,Asian,Black,,White,,,Buddhist,,Other Christian,,Less than once a year,Moderately important,No,Graduate or professional degree,Graduate or Professional degree,A little bit,No,Never
2023-11-03 10:49:40,2023-11-03 10:50:42,IP Address,128.62.45.81,100,61,True,2023-11-03 10:50:43,R_3sjLnm8toLnRx94,,,,,30.2887,-97.7398,qr,EN,104,December,27,2017,Male,,Not Hispanic or Latino/a,,Asian,Black,,White,,,Buddhist,,Other Christian,,Less than once a year,Moderately important,No,Graduate or professional degree,Graduate or Professional degree,A little bit,No,Never
2023-11-04 10:20:46,2023-11-04 10:26:38,IP Address,128.62.45.81,100,351,True,2023-11-04 10:26:38,R_3szWvEAxi03g90O,,,,,30.2887,-97.7398,qr,EN,106,January,5,2017,Male,,Hispanic or Latino/a,,,,,White,,,Catholic,,Catholic,,A few times a month,Very important,No,Bachelor's degree,High school diploma or equivalent,A lot,Yes,Sometimes
2023-11-04 10:49:35,2023-11-04 10:55:30,IP Address,128.62.45.81,100,355,True,2023-11-04 10:55:31,R_1QxSLkq8UQy9BHY,,,,,30.2887,-97.7398,qr,EN,107,November,5,2013,Male,,Hispanic or Latino/a,,,,,White,,,Catholic,,Catholic,,A few times a month,Very important,No,Bachelor's degree,High school diploma or equivalent,A lot,Yes,Sometimes
2023-11-04 11:20:52,2023-11-04 11:23:16,IP Address,128.62.45.81,100,144,True,2023-11-04 11:23:17,R_UL9WYzj085GwCRj,,,,,30.2887,-97.7398,qr,EN,108,May,10,2018,Male,,Not Hispanic or Latino/a,,,,,White,,,Catholic,,None,,A few times a year,Minimally important,No,Graduate or professional degree,High school diploma or equivalent,A lot,Yes,Often
2023-11-06 13:37:58,2023-11-06 13:41:27,IP Address,128.62.40.167,100,209,True,2023-11-06 13:41:28,R_1GUp7Ky3AwvdUpw,,,,,30.2887,-97.7398,qr,EN,109,December,21,2012,Male,,Not Hispanic or Latino/a,,,,,White,,,Agnostic,,Agnostic,,Never,Not at all important,No,Bachelor's degree,Bachelor's degree,A little bit,No,Rarely
2023-11-11 10:21:26,2023-11-11 10:33:09,IP Address,128.62.45.203,100,703,True,2023-11-11 10:33:10,R_1I6hWyKlbD6VZWu,,,,,30.2887,-97.7398,qr,EN,110,December,16,2017,Male,,Not Hispanic or Latino/a,,Asian,,,,,,Other,-,Catholic,,Less than once a year,Minimally important,No,Graduate or professional degree,Graduate or Professional degree,A little bit,Yes,Sometimes
2023-11-11 10:56:04,2023-11-11 10:57:28,IP Address,128.62.40.171,100,83,True,2023-11-11 10:57:29,R_C4zBrm4uSBwO3Wp,,,,,30.2887,-97.7398,qr,EN,111,September,12,2019,Male,,Not Hispanic or Latino/a,,,,,White,,,Atheist,,Atheist,,Never,Not at all important,No,Bachelor's degree,Graduate or Professional degree,A lot,No,Rarely
2023-11-13 10:19:06,2023-11-13 10:21:25,IP Address,128.62.45.203,100,139,True,2023-11-13 10:21:26,R_3kgFmsoupXAvKqs,,,,,30.2887,-97.7398,qr,EN,112,September,29,2015,Male,,Hispanic or Latino/a,,,,,,Other,,Catholic,,Catholic,,A few times a month,Moderately important,Yes,Some high school,No high school,A lot,Yes,At least once a day
2023-11-13 11:00:54,2023-11-13 11:01:51,IP Address,128.62.45.203,100,56,True,2023-11-13 11:01:52,R_3FKb1xRS3unfP9R,,,,,30.2887,-97.7398,qr,EN,113,August,27,2013,Male,,Hispanic or Latino/a,,,,,,Other,,Catholic,,Catholic,,A few times a month,Moderately important,Yes,Some high school,No high school,A lot,Yes,At least once a day
2023-11-13 15:22:49,2023-11-13 15:43:16,IP Address,128.62.45.203,100,1226,True,2023-11-13 15:43:17,R_27PegCP5REfIsve,,,,,30.2887,-97.7398,qr,EN,114,November,4,2017,Female,,Not Hispanic or Latino/a,,Asian,,,White,,,Other,"Unitarian Universalist ",Agnostic,,Never,Minimally important,No,Graduate or professional degree,Graduate or Professional degree,A little bit,No,Never
2023-11-14 14:14:08,2023-11-14 15:05:58,IP Address,128.62.40.171,100,3109,True,2023-11-14 15:05:59,R_p3rnEEm7abbm5Z7,,,,,30.2887,-97.7398,qr,ES-ES,,,,,,,,,,,,,,,,,,,,,,,,,No,
2023-11-14 15:13:01,2023-11-16 16:22:48,IP Address,128.62.46.125,100,176986,True,2023-11-16 16:22:49,R_2wMHtbHuaTRFegk,,,,,30.2887,-97.7398,qr,EN,Test,,,,,,,,,,,,,,,,,,,,,,,,No,
2023-11-16 16:22:54,2023-11-16 16:24:49,IP Address,128.62.46.125,100,115,True,2023-11-16 16:24:50,R_1jODroLZEAgTnf2,,,,,30.2887,-97.7398,qr,EN,115,June,5,2014,Female,,Not Hispanic or Latino/a,,,,,,Other,White and south asian,None,,Atheist,,Never,Not at all important,No,Bachelor's degree,Graduate or Professional degree,A little bit,No,Sometimes
2023-11-18 09:45:59,2023-11-18 10:02:23,IP Address,128.62.46.125,100,984,True,2023-11-18 10:02:24,R_1eY9zZfUeLJi6i4,,,,,30.2887,-97.7398,qr,EN,116,February,25,2014,Female,,Not Hispanic or Latino/a,,,,,White,,,Catholic,,Other Christian,,A few times a week,Moderately important,No,Graduate or professional degree,Bachelor's degree,A little bit,Yes,Sometimes
2023-11-18 12:22:38,2023-11-18 12:42:03,IP Address,128.62.46.125,100,1164,True,2023-11-18 12:42:03,R_C2Kijiz8XhMRGRb,,,,,30.2887,-97.7398,qr,EN,117,September,24,2014,Male,,Not Hispanic or Latino/a,,,Black,,,,,Other Christian,,Other Christian,,A few times a week,Very important,No,Bachelor's degree,Associate's degree,Not at all,No,Rarely
2023-11-20 10:08:35,2023-11-20 10:59:37,IP Address,128.62.46.125,100,3062,True,2023-11-20 10:59:38,R_2xL5oI7PddDxKVx,,,,,30.2887,-97.7398,qr,EN,118,August,19,2014,Female,,Not Hispanic or Latino/a,,Asian,,,White,,,Protestant,,Protestant,,A few times a month,Very important,No,Graduate or professional degree,Bachelor's degree,A little bit,No,Sometimes
2023-11-21 09:38:45,2023-11-21 10:11:27,IP Address,128.62.46.125,100,1961,True,2023-11-21 10:11:28,R_28S3teBcU7JksWF,,,,,30.2887,-97.7398,qr,EN,119,February,4,2014,Male,,Not Hispanic or Latino/a,,,,,White,,,None,,Atheist,,Never,Not at all important,No,Graduate or professional degree,Bachelor's degree,A lot,Yes,At least once a day
